Author,N_articulos
"A., Arcuri, Andrea",7
"M., Zhang, Man",4
"J., Chen, Jinfu",3
"D., Towey, Dave",3
"H., Wang, Huanhuan",3
"C., Sun, Chang'ai",3
"Y., Zhan, Yongzhao",3
"C., Mao, Chengying",3
"K., Cai, Kaiyuan",2
"M., Polo, Macario",2
"J., Offutt, Jeff",2
"N., Laranjeiro, Nuno",2
"Zheng, Tao",2
"M., Büchler, Matthias",2
"Q., Li, Qing",2
"J., Oudinet, Johan",2
"D., Truscan, Dragos",2
"M., Zulkernine, Mohammad",2
"T.Y., Chen, Tsong Yueh",2
"I., Medina-Bulo, Inmaculada",2
"A., Pretschner, Alexander",2
"F., Siavashi, Faezeh",2
"G., Wang, Guan",2
"Shen, Changxiang",2
"H., Liu, Huai",2
"Chen, Xingshu",2
"H., Shahriar, Hossain",2
"J., Vain, Jüri",2
"Pasca, Emil Marian",1
"A., Poth, Alexander",1
"Peluaga Lozada, I.",1
"Popov, A.I.",1
"E., Perez, Eliany",1
"Pfaff, Timo",1
"Pinto, Renato Torres",1
"Pita, P.",1
"Polishchuk, Marina",1
"Prinz, Andreas",1
"S., Salva, Sébastien",1
"E., Rushdy, Ehab",1
"Ruiz-Cortés, Antonio",1
"O., Rrjolli, Olsi",1
"Routaib, Hayat",1
"T., Rooijakkers, Thomas",1
"Rocha, João Vitor Souza",1
"Ribeiro, Márcio",1
"J., Reyes, Jorge",1
"P., Reales Mateo, Pedro",1
"R., Patan, Rizwan",1
"C., Ragkhitwetsagul, Chaiyong",1
"Raga, Miquel Martínez",1
"F., Rafailidis, Fotios",1
"R.S., Miani, Rodrigo S.",1
"R.S., Attia, Riham Salah",1
"R.R., Abdullah, Roni Reza",1
"R.M., Parizi, Reza Meimandi",1
"R.A.P., Queirós, Ricardo Alexandre Peixoto",1
"R., Qian, Ruixiang",1
"Pérez-Arriaga, Juan Carlos",1
"Putera, Danar Gumilang",1
"P., Rattanukul, Pattarakrit",1
"R., Moreira, Rodrigo",1
"H., Moraliyage, Harsha",1
"Morales, A.F.",1
"D., Mitropoulos, Dimitris",1
"T., Mimura, Takao",1
"Meng, Wei",1
"A., Melissen, Arthur",1
"Matei, Oliviu",1
"A., Masood, Adnan",1
"S.A., Omari, Saifullah A.",1
"H., Marques, Henrique",1
"L., Mariani, Leonardo",1
"S., Manickam, Selvakumar",1
"S., Malalgoda, Sanjeewa",1
"C., Makaranond, Chansida",1
"T., Madusanka, Tiroshan",1
"M., MacAs, Mayra",1
"Ma, Shuoyoucheng",1
"M.S., Rahman, Muhammad Sajidur",1
"M.D., Tomić, Mihailo D.",1
"Masood, A.",1
"Park, J.",1
"R., Pareschi, Remo",1
"P., Papadopoulos, Panagiotis",1
"Pan, Zulie",1
"Pan, Zhenyu",1
"L., Pan, Lin",1
"P.S., Karagoz, P. Senkul",1
"P.R.F., Nunes, Paulo R.F.",1
"P.R., Mateo, Pedro Reales",1
"Oliveira, Rui André",1
"Y., Murakami, Yoichi",1
"O.M., Radojević, Olivera M.",1
"E., Nunohiro, Eiji",1
"B., Northern, Bradley",1
"D., Ničković, Dejan",1
"Niu, Xintao",1
"A., Nijsten, Anne",1
"Nie, Changhai",1
"T., Nearunchorn, Tanapol",1
"F., Naït-Abdesselam, Farid",1
"N.D., Wirasbawa, Nicholas Dwiarto",1
"Ocharán-Hernández, Jorge Octavio",1
"A., Zhou, Aojie",1
"Z., Zhang, Zonghua",1
"X., Zhang, Xiangyu",1
"Zhang, Min",1
"C., Zhang, Chong",1
"Zhang, Chao",1
"Ö., Şahin, Ömür",1
"Wiese, Igor",1
"E., Weitenberg, Erieke",1
"M.F., Ibrahim, Mohd Faisal",1
"A., Waworuntu, Alexander",1
"P., Watanakulcharus, Pumipat",1
"A., Waseda, Atsushi",1
"Z., Wang, Ziqi",1
"Wang, Zhenhua",1
"Y., Wang, Yulong",1
"Wang, Yu",1
"Wang, Shaohua",1
"R., Wang, Rui",1
"Q., Wang, Qiaoling",1
"Z., Wei, Zhao",1
"J., Alves-Foss, Jim",1
"R., Alshamrani, Rayan",1
"N., Alshahwan, Nadia",1
"A., Alsarhan, Ayoub",1
"Alonso, Juan C. and Martin-Lopez, Alberto and Segura, Sergio and Bavota, Gabriele and Ruiz-Cort{\'e",1
"A., Almjnoony, Ayman",1
"S., Alimadadi, Saba",1
"R., Akefirad, Rad",1
"Adnan, Muhammad Abdullah",1
"C., Zhou, Chunru",1
"A.N., Senarathne, Amila Nuwan",1
"A.J., Hintaw, Ahmed J.",1
"A.J., Cabrera, Antonio J.",1
"A.H., Al-Omari, Ahmad H.",1
"Wu, Huayao",1
"D., Appelt, Dennis",1
"O., Çetin, Orçun",1
"K., Zimmermann, Keven",1
"Zhuge, Jianwei",1
"Zhou, Yuan",1
"M., Abomaali, Mohammed",1
"T., Sunetnanta, Thanwadee",1
"Sun, Chang-ai and others",1
"J., Sue, Jarod",1
"Stubbs, J.",1
"Stroggylos, Kostas and others",1
"K., Stroggylos, Konstantinos",1
"Starace, L.",1
"D., Spinellis, Diomidis",1
"Spachos, P.",1
"Wang, Pei",1
"Siam, Rubaiyat Sha Fardin",1
"Shen, Yi",1
"C., Shen, Chongyang",1
"F., Sheldon, Frederick T.",1
"Shao, Jiang",1
"S., Shang, Sunpei",1
"S., Seran, Susruthan",1
"C., Sendner, Christoph",1
"A., Sawicki, Artur",1
"F., Salzano, Francesco",1
"B., Soewito, Benfano",1
"Wang, Enze",1
"B., Wang, Bo",1
"Wang, Baosheng",1
"Wan, Ruiyuan",1
"W.I., Khedr, Walid I.",1
"V., Visoottiviseth, Vasaka",1
"Villegas, A.C.",1
"Vieira, Marco",1
"Venčkauskas, Algimantas",1
"Valencia, R.E.C.",1
"T.D., Jayawickrama, Thamindu D.",1
"D., Ulybyshev, Denis",1
"Z., Tzermias, Zacharias",1
"T., Tuglular, Tugkan",1
"Y., Tseng, Yuchia",1
"W., Tian, Weihan",1
"C., Thomas Oliveira, Caio",1
"N., Thennakoon, Nipun",1
"T., Taya, Toru",1
"Tang, Rui",1
"Tamariz-Moreno, A. Michelle",1
"S., Utku, Selma",1
"Delinschi, Daniela",1
"C., Daniele, Cristian",1
"Dai, Jinqiao",1
"H., Dai, Hepeng",1
"D.S., Oliveira, Daniela Seabra",1
"D.R.G.K.B., Dilshan, D. R.G.K.B.",1
"D.P., Morales, Diego Pedro",1
"D.N., Ilangarathna, D. N.",1
"D.M., Ellis, Donovan M.",1
"B., Cui, Baojiang",1
"Z., Liu, Zheli",1
"Correia, João Lucas",1
"Corcho, O.",1
"Choi, Y.",1
"M., Choetkiertikul, Morakot",1
"Chen, Yuanchao",1
"Chen, Yu",1
"X., Chen, Xuan",1
"M., Chen, Mingda",1
"Chen, Juxing",1
"Chatterjee, Ayan",1
"J., Cruz-Cozar, Juan",1
"C., Fu, Chuan",1
"P., Frosi-Rosa, Pedro",1
"Fraga, Ismael Trindade",1
"Fonseca, Baldoino",1
"Fernandez, Pablo",1
"Fernandez, P.",1
"Fernandes, Leo",1
"C., Fang, Chunrong",1
"Falah, Bouchaib",1
"F.D.O., Silva, Flávio De Oliveira",1
"Deng, Gelei",1
"Espinoza-Arias, P.",1
"T., Espinha Gasiba, Tiago",1
"A., Escobar-Molero, Antonio",1
"Erdei, Rudolf",1
"M., Ehrhart, Maximilian",1
"R., Dubin, Ran",1
"Dooley, R.",1
"A., Dmitrienko, Alexandra",1
"Di Meglio, S.D.",1
"U., Dharmakeerthi, Uditha",1
"M., Deng, Ming",1
"A., Estero-Botaro, Antonia",1
"K., Aydln, Kerem",1
"Atlidakis, Vaggelis",1
"Atienza, K.C.V.",1
"P., Arévalo, Paco",1
"Arumugam, Ashwin Senthil",1
"A.C., Melo, Ana C.V.",1
"R., Ylldlrlm, Recep",1
"M., Yin, Mingyong",1
"I., Yilmaz, Ibrahim",1
"Yang, Wantong",1
"Chaplia, O.",1
"D., Yang, Ding",1
"D., Yadav, Drishti",1
"Xu, Yue",1
"Xu, Tongtong",1
"Xu, Shiheng",1
"Xu, Lixin",1
"Xie, Wei",1
"Xiao, Zhenghang",1
"Wu, Runchao",1
"A.G., Alshanty, Ahmad Ghazi",1
"Yang, Tianchang",1
"C., Castro-Cabrera, Carmen",1
"E., Castillo, Encarnacion",1
"Carrera-Colorado, Eduardo",1
"Carmona, C.Á.",1
"J., Cappos, Justin",1
"C.D., Nguyen, Cu Duy",1
"Brūzgienė, Rasa",1
"Bruno, L.",1
"Y., Brun, Yuriy",1
"Bondoc, R.X.R.",1
"Badenes-Olmedo, C.",1
"R., Bobhate, Rahul",1
"I., Bluemke, Ilona",1
"G., Bhandari, Guru",1
"F., Belli, Fevzi",1
"M., Bayesh, Masrufa",1
"Baucas, M.J.",1
"Basney, J.",1
"E., Bartocci, Ezio",1
"Barboza, Erick",1
"Bao, Minli",1
"Bangert, Julian",1
"Bogner, Justus",1
"Y., Levi, Yarin",1
"Lat, J.A.S.",1
"L.M., Parrilla, L. M.",1
"L.C., Briand, Lionel C.",1
"L.A., DeLong, Lois Anne",1
"Kukta, Donatas",1
"Kotstein, Sebastian",1
"Konuhova, M.",1
"L., Kogler, Leon",1
"Klym, H.",1
"W., Fuertes, Walter",1
"M., Kim, Moowan",1
"Kim, J.J.",1
"Khursheed, Farida",1
"V., Kholodilo, Vadim",1
"Khatiwada, Pankaj",1
"Khan, Md Shohel",1
"Y., Khaeruzzaman, Yaman",1
"Kern, Christoph",1
"P., Katsaros, Panagiotis",1
"Z., Kasiran, Zolidah",1
"Kim, Myeongsoo and Sinha, Saurabh and Orso, Alessandro",1
"M.D., Rogers, Mike D.",1
"M.A., Mohd Ariffin, Muhammad Azizi",1
"Luo, Changhua",1
"S., Yulianto, Semi",1
"Liu, Yi",1
"Liu, Yang",1
"Liu, Xin",1
"X., Liu, Xiao",1
"Liu, Runhao",1
"Lingga, P.",1
"H., Li, Hang",1
"T., Lin, Tian",1
"Limón, Xavier",1
"Li, Yuwei",1
"Li, Yuekang",1
"Li, Yang",1
"Li, Wanpeng",1
"Li, Shuhuan",1
"R., Li, Rui",1
"Li, Penghui",1
"J., Li, Junhao",1
"J., Li, Jingwei",1
"Y., Lin, Youfang",1
"Harwahyu, Ruki",1
"Hannousse, Abdelhakim and Yahiouche, Salima and Nait-Hamoud, Mohamed Cherif",1
"S., Hangler, Stefan",1
"M., Hanada, Masaki",1
"M., Hakim, Muhammad Ikhwanul",1
"Habib, Beenish",1
"Gupta, R. K.",1
"Y., Guo, Yumeng",1
"Guo, Yuejun",1
"Guo, Minglei",1
"S., Karuppayah, Shankar",1
"R., Groenewegen, Ringo",1
"Grigaliūnas, Šarūnas",1
"Godefroid, Patrice",1
"G., Gharachorlu, Golnaz",1
"Gerdes, Martin W.",1
"A., García-Domínguez, Antonio",1
"García, J.M.",1
"Gamez-Diaz, Antonio",1
"Galeotti, Juan",1
"V., Gadey, Varun",1
"H., Guo, Hao",1
"K S, Sathiyajith",1
"M., Jones, Mike",1
"Jiang, Shuyu",1
"Ji, Dandan",1
"Jeong, J.P.",1
"J., Java, Jim",1
"S., Jahan, Sharmin",1
"J.X., Zheng, James Xi",1
"J.R., Bernardino, Jorge Rodrigues",1
"J.M., Seigneur, Jean Marc",1
"X., He, Xiaoyu",1
"J.C., Paiva, José Carlos",1
"Y., Ishida, Yuki",1
"S., Ioannidis, Sotiris",1
"A., Ifthikar, Arshardh",1
"Hussain, Syed Rafiul",1
"E., Huseynov, Emin",1
"Y., Huang, Yanyu",1
"R., Huang, Rubing",1
"N., Huang, Ning",1
"S., Hettiarachchi, Saman",1
"Z., He, Zhuofeng",1
"J.J., Domínguez-Jiménez, Juan José",1
